-0.000000,-0.000000
0.390846,-0.440736
2.580335,-2.683864
7.727686,-7.929408
8.861397,-9.042137
18.179235,-18.486993
16.119034,-16.361310
26.261565,-26.630722
20.137014,-20.410267
30.728723,-31.127597
22.156967,-22.443335
31.952774,-32.352495
22.791979,-23.077838
31.397609,-31.779354
22.114821,-22.384278
29.843723,-30.192549
21.506541,-21.757870
27.712125,-28.020086
19.994625,-20.216352
25.340556,-25.603531
18.912970,-19.110312
22.792714,-23.010461
17.190113,-17.356465
20.351431,-20.526671
16.032193,-16.175502
18.030759,-18.167551
14.534053,-14.651793
46.552721,-46.694649
41.355022,-41.274209
110.094435,-110.087547
88.651622,-88.697699
121.052397,-121.078873
80.862266,-80.931287
97.292937,-97.362603
60.286440,-60.387312
71.409616,-71.521431
49.468657,-49.592665
55.479802,-55.627318
42.801437,-42.948267
49.746662,-49.920674
41.681108,-41.842121
47.817557,-48.010476
41.158211,-41.330709
46.981146,-47.185366
40.955314,-41.134119
45.765544,-45.975683
40.053402,-40.235474
44.285177,-44.496477
39.447639,-39.630850
42.767405,-42.977002
38.524997,-38.706999
41.515111,-41.721097
38.075790,-38.256690
40.465498,-40.667288
37.496166,-37.674841
39.703370,-39.901310
37.265375,-37.443145
39.109360,-39.304433
36.977346,-37.154318
38.749776,-38.943647
36.944589,-37.122378
38.551533,-38.745944
36.931522,-37.111177
38.574963,-38.772047
37.108762,-37.291593
38.754883,-38.956501
37.360810,-37.548438
39.130242,-39.338406
37.739125,-37.932278
39.635031,-39.851332
38.215856,-38.416388
40.293798,-40.519804
38.763672,-38.971690
41.044200,-41.281052
39.409925,-39.627251
41.905932,-42.154645
40.087979,-40.314203
42.821152,-43.082387
40.849135,-41.085877
43.810997,-44.085243
41.619145,-41.865636
44.820620,-45.108115
42.447989,-42.705553
45.876534,-46.177334
43.276679,-43.544355
46.924872,-47.238883
44.135857,-44.414634
47.999559,-48.326520
44.996359,-45.285222
49.045759,-49.385340
45.858156,-46.157759
50.105369,-50.457095
46.729669,-47.039047
51.121086,-51.484478
47.574333,-47.893825
52.142417,-52.516869
48.441004,-48.769759
53.108744,-53.493691
49.254746,-49.592822
54.076349,-54.471123
50.104474,-50.451172
54.981091,-55.385089
50.877800,-51.232932
55.885028,-56.297564
51.701333,-52.064370
56.720782,-57.141250
52.427928,-52.798483
57.555184,-57.982918
53.218350,-53.596061
58.318226,-58.752646
53.894507,-54.278827
59.080586,-59.521068
54.647047,-55.037781
59.770390,-60.216403
55.271457,-55.667946
60.461314,-60.912304
55.983513,-56.385712
61.080407,-61.535908
56.557259,-56.964442
61.703579,-62.163125
57.228480,-57.640742
62.257515,-62.720724
57.755045,-58.171638
62.819649,-63.286160
58.387384,-58.808521
63.316892,-63.786420
58.872571,-59.297531
63.827547,-64.299849
59.470209,-59.899300
64.279182,-64.754080
59.921917,-60.354485
64.750365,-65.227739
60.491050,-60.927477
65.169591,-65.649376
60.918870,-61.358605
65.615155,-66.097359
61.467349,-61.910820
66.016594,-66.501261
61.882037,-62.328826
66.451473,-66.938734
62.418884,-62.869439
66.850344,-67.340346
62.831725,-63.285783
67.289689,-67.782675
63.366573,-63.824575
67.700927,-68.197137
63.788716,-64.250563
68.159222,-68.658992
64.331218,-64.797318
68.596618,-69.100265
64.773017,-65.243440
69.086850,-69.594781
65.332260,-65.807357
69.562271,-70.074860
65.802687,-66.282687
70.095207,-70.612907
66.386667,-66.871848
70.617963,-71.141179
66.892822,-67.383554
71.201592,-71.730799
67.507999,-68.004473
71.777971,-72.313581
68.054757,-68.557460
72.417128,-72.959610
68.705723,-69.214747
73.050136,-73.599886
69.295521,-69.811442
73.761223,-74.318769
69.997919,-70.520943
74.448611,-75.014789
70.582450,-71.113488
75.076592,-75.651804
71.217116,-71.755924
75.663640,-76.248119
71.777926,-72.325169
76.324459,-76.918443
72.457607,-73.013014
76.988439,-77.592105
73.075900,-73.640106
77.715345,-78.328864
73.791033,-74.363728
78.421624,-79.045113
74.433384,-75.015145
79.171787,-79.805338
75.164589,-75.755071
79.892089,-80.535746
75.817185,-76.416882
80.651349,-81.305117
76.558141,-77.166683
81.375522,-82.039364
77.213657,-77.831430
82.133274,-82.807107
77.956988,-78.583616
82.848979,-83.532686
78.605488,-79.241233
83.591606,-84.285017
79.342020,-79.986513
84.285048,-84.987974
79.973022,-80.626388
84.999046,-85.711238
80.693494,-81.355394
85.657402,-86.378605
81.297234,-81.967648
86.330579,-87.060481
81.992837,-82.671470
86.942590,-87.680883
82.560627,-83.247319
87.564483,-88.310806
83.223358,-83.917872
88.120894,-88.874903
83.747969,-84.450014
88.683247,-89.444550
84.371023,-85.080432
89.177245,-89.945477
84.847032,-85.563397
89.674384,-90.449141
85.425121,-86.148351
90.101875,-90.882791
85.849123,-86.578716
90.530907,-91.317586
86.378680,-87.114625
90.890626,-91.682713
86.749386,-87.491108
91.251478,-92.048605
87.228681,-87.976250
91.544932,-92.346772
87.546893,-88.299686
91.840237,-92.646463
87.976037,-88.734202
92.071515,-92.881843
88.244516,-89.007411
92.306358,-93.120513
88.625375,-89.393215
92.481807,-93.299559
88.848613,-89.620763
92.663350,-93.484488
89.184626,-89.961360
92.791144,-93.615495
89.368530,-90.149244
92.928164,-93.755588
89.664458,-90.449470
93.017792,-93.848177
89.815978,-90.604735
93.120143,-93.953419
90.077591,-90.870442
93.181847,-94.017965
90.204298,-91.000762
93.259887,-94.098844
90.438015,-91.238453
93.304087,-94.145894
90.547675,-91.351688
93.368100,-94.212816
90.760190,-91.568139
93.404824,-94.252509
90.860330,-91.671903
93.464473,-94.315242
91.058239,-91.873783
93.502833,-94.356788
91.155754,-91.975049
93.566667,-94.423962
91.345198,-92.168561
93.614410,-94.475181
91.446007,-92.273304
93.689448,-94.553875
91.632361,-92.463871
93.752602,-94.620840
91.741130,-92.576797
93.844026,-94.716269
91.928744,-92.768800
93.926648,-94.803056
92.048690,-92.893145
94.037606,-94.918372
92.240700,-93.089734
94.141658,-95.026933
92.373486,-93.227156
94.273189,-95.163151
92.571702,-93.430136
94.398524,-95.293307
92.717414,-93.580701
94.549600,-95.449352
92.922281,-93.790497
94.694077,-95.598901
93.079504,-93.952748
94.861757,-95.771763
93.290142,-94.168442
95.021444,-95.936697
93.456104,-94.339550
95.201125,-96.121684
93.670420,-94.558999
95.370602,-96.296490
93.841207,-94.734981
95.556341,-96.487565
94.056060,-94.954986
95.729062,-96.665594
94.226879,-95.130973
95.913968,-96.855759
94.438303,-95.347500
96.082667,-97.029640
94.603785,-95.518044
96.259313,-97.211365
94.807240,-95.726485
96.416431,-97.373438
94.961758,-95.885877
96.577285,-97.539089
95.152402,-96.081321
96.715395,-97.681829
95.290385,-96.223917
96.853229,-97.824091
95.463350,-96.401432
96.965434,-97.940518
95.579587,-96.521954
97.073710,-98.052776
95.730249,-96.676861
97.153993,-98.136806
95.820155,-96.770668
97.227184,-98.213478
95.944374,-96.898780
97.270704,-98.260221
96.004218,-96.962102
97.304565,-98.297021
96.098549,-97.059940
97.307874,-98.303003
96.125626,-97.090045
97.299617,-98.297130
96.187480,-97.155001
97.260800,-98.260430
96.180223,-97.150313
97.209203,-98.210665
96.207985,-97.180764
97.127930,-98.130968
96.166013,-97.140911
97.033350,-98.037695
96.159098,-97.136279
96.910845,-97.916259
96.083202,-97.062073
96.775152,-97.781391
96.042059,-97.022827
96.614083,-97.620934
95.934126,-96.916190
96.440516,-97.447771
95.860186,-96.843792
96.244808,-97.252283
95.723069,-96.707626
96.037770,-97.045295
95.618645,-96.604429
95.812366,-96.819795
95.455989,-96.442432
95.577154,-96.584357
95.324132,-96.311534
95.327730,-96.334598
95.140159,-96.127986
95.070238,-96.076685
94.984482,-95.973051
94.802883,-95.808838
94.783760,-95.772583
94.529284,-95.534701
94.608239,-95.597637
94.250181,-95.255026
94.395439,-95.384978
93.966599,-94.970864
94.204200,-95.194200
93.681707,-94.685389
93.983858,-94.973941
93.393916,-94.397039
93.780971,-94.771446
93.108677,-94.111266
93.557266,-94.547814
92.821821,-93.823926
93.346545,-94.337455
92.540912,-93.542578
93.123110,-94.114119
92.259279,-93.260575
92.907939,-93.899312
91.986409,-92.987392
92.687700,-93.679227
91.713256,-92.714006
92.470888,-93.462804
91.451032,-92.451611
92.255961,-93.248100
91.188475,-92.188965
92.039637,-93.032201
90.938325,-91.938787
91.831265,-92.824124
90.687295,-91.687803
91.616811,-92.610133
90.449466,-91.450072
91.415351,-92.409033
90.209732,-91.210498
91.203382,-92.197557
89.983342,-90.984306
91.008345,-92.002924
89.753594,-90.754796
90.798728,-91.793815
89.536756,-90.538214
90.608856,-91.604366
89.314741,-90.316472
90.400772,-91.396779
89.104720,-90.106719
90.214162,-91.210573
88.887428,-89.889682
90.006196,-91.003067
88.680847,-89.683326
89.820441,-90.817659
88.464721,-89.467383
89.610709,-90.608312
88.257788,-89.260576
89.423071,-90.420923
88.038959,-89.041803
89.209355,-90.207484
87.827704,-88.830522
89.016938,-90.015177
87.602231,-88.604923
88.796844,-89.795216
87.382748,-88.385211
88.596778,-89.595081
87.146849,-88.148959
88.367885,-89.366147
86.915517,-87.917150
88.157490,-89.155470
86.665787,-87.666799
87.917509,-88.915242
86.419469,-87.419721
87.694450,-88.691661
86.153060,-87.152395
87.441351,-88.438089
85.889271,-86.887539
87.203764,-88.199720
85.604046,-86.601082
86.935901,-87.931141
85.321073,-86.316723
86.682493,-87.676677
85.015706,-86.009801
86.398694,-87.391912
84.712692,-85.705081
86.128800,-87.120688
84.386728,-85.377245
85.828433,-86.819101
84.063697,-85.052198
85.542051,-86.531121
83.717559,-84.703889
85.225052,-86.212656
83.375402,-84.359427
84.922831,-85.908585
83.010357,-83.991938
84.589711,-85.573766
82.650766,-83.629785
84.272909,-85.254883
82.268843,-83.245180
83.924722,-84.904786
81.894212,-82.867767
83.595133,-84.572914
81.498083,-82.468761
83.233422,-84.209105
81.111371,-82.079092
82.893278,-83.866509
80.704208,-81.668900
82.519993,-83.490969
80.308778,-81.270384
82.171846,-83.140236
79.894080,-80.852554
81.789248,-82.755255
79.493524,-80.448833
81.435838,-82.399164
79.074943,-80.027063
81.046385,-82.007232
78.672903,-79.621822
80.690509,-81.648614
78.254060,-79.199779
80.296738,-81.252300
77.854049,-78.796573
79.941114,-80.893907
77.438368,-78.377719
79.545529,-80.495743
77.043608,-77.979808
79.192673,-80.140120
76.634158,-77.567244
78.797630,-79.742488
76.247442,-77.177449
78.449747,-79.391866
75.846811,-76.773788
78.057359,-78.996899
75.470386,-76.394379
77.716262,-78.653108
75.080581,-76.001646
77.328315,-78.262609
74.716077,-75.634263
76.995354,-77.927012
74.338463,-75.253830
76.613250,-77.542391
73.986843,-74.899441
76.289285,-77.215853
73.622115,-74.532002
75.914000,-76.838093
73.283675,-74.190898
75.599389,-76.520969
72.931871,-73.836481
75.231464,-76.150609
72.606265,-73.508306
74.926080,-75.842768
72.266806,-73.166318
74.565628,-75.479916
71.953116,-72.850132
74.268907,-75.180780
71.624884,-72.519433
73.915645,-74.825142
71.321701,-72.213806
73.626647,-74.533757
71.003137,-71.892812
73.279948,-74.184692
70.708679,-71.595933
72.997440,-73.899805
70.397901,-71.282736
72.656397,-73.556393
70.110134,-70.992544
72.378946,-73.276549
69.805070,-70.685041
72.042454,-72.937666
69.521845,-70.399360
71.768523,-72.661311
69.220360,-70.095391
71.435360,-72.325720
68.939544,-69.812061
71.163412,-72.051294
68.639579,-69.509541
70.832329,-71.717730
68.359181,-69.226549
70.560918,-71.443773
68.058866,-68.923588
70.230723,-71.111028
67.777152,-68.639182
69.958583,-70.836259
67.474915,-68.334194
69.628214,-70.503262
67.190501,-68.046976
69.354331,-70.226658
66.885154,-67.738763
69.022930,-69.892543
66.597074,-67.447762
68.746595,-69.613389
66.287870,-67.135573
68.413555,-69.277545
65.995627,-66.840292
68.134407,-68.995480
65.682298,-66.523863
67.799410,-68.657591
65.385882,-66.224296
67.517448,-68.372617
65.068642,-65.903850
67.180489,-68.032682
64.768518,-65.600478
66.896069,-67.745165
64.448049,-65.276712
66.557455,-67.403498
64.145132,-64.970463
66.271270,-67.114144
63.822537,-64.644500
65.931605,-66.771363
63.518128,-64.336698
65.644645,-66.481178
63.194871,-64.010024
65.304802,-66.138168
62.890588,-63.702312
65.018302,-65.848405
62.568410,-63.376694
64.679376,-65.506281
62.266100,-63.070944
64.394747,-65.218372
61.946927,-62.748335
64.058008,-64.878418
61.648566,-62.446550
63.776768,-64.593903
61.334412,-62.128990
63.443590,-64.257514
61.042006,-61.833201
63.167289,-63.977962
60.734872,-61.522716
62.839094,-63.646577
60.450359,-61.234887
62.558303,-63.362496
60.125643,-60.906402
62.240833,-63.041294
59.936631,-60.713253
62.103010,-62.899662
59.843331,-60.615909
61.914321,-62.707329
59.776142,-60.544760
61.798933,-62.588240
59.672223,-60.436970
61.601486,-62.387219
59.577892,-60.338842
61.477169,-62.259298
59.470762,-60.227990
61.293275,-62.071896
59.391956,-60.145527
61.189126,-61.964230
59.311466,-60.061447
61.029253,-61.800912
59.258938,-60.005391
60.946900,-61.715129
59.203452,-59.946439
60.809186,-61.574035
59.173349,-59.912930
60.746302,-61.507804
59.140437,-59.876671
60.630142,-61.388331
59.131760,-59.864701
60.586509,-61.341432
59.121208,-59.850911
60.491984,-61.243658
59.133657,-59.860171
60.467339,-61.215823
59.144868,-59.868240
60.394147,-61.139441
59.177552,-59.897828
60.387801,-61.129973
59.209451,-59.926668
60.335358,-61.074396
59.261159,-59.975356
60.346414,-61.082387
59.312451,-60.023656
60.313964,-61.046850
59.381795,-60.090038
60.341379,-61.071246
59.451023,-60.156325
60.328012,-61.054829
59.536480,-60.238863
60.370631,-61.094464
59.622076,-60.321550
60.375321,-61.096130
59.722057,-60.418636
60.431928,-61.149774
59.822419,-60.516105
60.453581,-61.168422
59.935340,-60.626140
60.522957,-61.234846
60.048905,-60.736814
60.560462,-61.269353
60.173264,-60.858283
60.641441,-61.347381
60.298575,-60.980692
60.693714,-61.396657
60.433011,-61.112223
60.785227,-61.485212
60.568776,-61.245069
60.851257,-61.548241
60.712123,-61.385489
60.952374,-61.646387
60.857262,-61.527685
61.031259,-61.722263
61.008583,-61.676057
61.141217,-61.829236
61.162258,-61.826766
61.232191,-61.917192
61.320874,-61.982411
61.350413,-62.032419
61.482506,-62.141057
61.452865,-62.131845
61.647998,-62.303563
61.578972,-62.254948
61.817267,-62.469837
61.692455,-62.365404
61.989476,-62.639052
61.826255,-62.496200
62.166311,-62.812893
61.950489,-62.617411
62.345310,-62.988906
62.091967,-62.755897
62.529863,-63.170480
62.226825,-62.887746
62.715930,-63.353583
62.376123,-63.034073
62.908537,-63.543243
62.521616,-63.176583
63.102111,-63.733894
62.678996,-63.331028
63.303248,-63.932133
62.835249,-63.484334
63.504881,-64.130902
63.001062,-63.647263
63.715116,-64.338306
63.168282,-63.811587
63.925419,-64.545821
63.342928,-63.983414
64.145351,-64.763009
63.521371,-64.159025
64.364941,-64.979906
63.705258,-64.340171
64.595154,-65.207478
63.895197,-64.527353
64.824601,-65.434341
64.088699,-64.718208
65.065609,-65.672826
64.290384,-64.917223
65.305385,-65.910143
64.493810,-65.118106
65.557589,-66.159954
64.707441,-65.329165
65.808034,-66.408075
64.920999,-65.540293
66.071681,-66.669468
65.146693,-65.763520
66.332963,-66.928570
65.370467,-65.984986
66.608124,-67.201623
65.608236,-66.220402
66.880222,-67.471687
65.842168,-66.452151
67.166769,-67.756275
66.091906,-66.699652
67.449459,-68.037081
66.335786,-66.941478
67.747061,-68.332872
66.597252,-67.200825
68.039919,-68.623993
66.850719,-67.452365
68.348046,-68.930454
67.123537,-67.723184
68.650455,-69.231269
67.386084,-67.983930
68.968394,-69.547682
67.669750,-68.265714
69.279567,-69.857396
67.940737,-68.535021
69.606447,-70.182879
68.234627,-68.827142
69.925453,-70.500553
68.523881,-69.114878
70.286292,-70.860407
68.823854,-69.413541
70.530949,-71.104423
68.990972,-69.579649
70.686782,-71.259699
69.182784,-69.770298
70.829441,-71.401867
69.341572,-69.928210
71.010562,-71.582550
69.556769,-70.142369
71.193563,-71.765170
69.737233,-70.322075
71.392837,-71.964113
69.954492,-70.538417
71.575183,-72.146183
70.128627,-70.711905
71.763708,-72.334478
70.337743,-70.920222
71.934618,-72.505209
70.503596,-71.085534
72.113343,-72.683799
70.705988,-71.287235
72.275779,-72.846146
70.865221,-71.446027
72.446204,-73.016521
71.060948,-71.641166
72.600200,-73.170511
71.213048,-71.792920
72.761519,-73.331861
71.401368,-71.980751
72.906278,-73.476693
71.545743,-72.124870
73.057912,-73.628436
71.726165,-72.304898
73.193097,-73.763769
71.862548,-72.441111
73.334848,-73.905704
72.034770,-72.613033
73.460388,-74.031468
72.163058,-72.741238
73.592258,-74.163598
72.326911,-72.904882
73.708275,-74.279917
72.447152,-73.025128
73.830467,-74.402448
72.602613,-73.180473
73.937290,-74.509653
72.715020,-73.292974
74.050212,-74.622999
72.862214,-73.440148
74.148356,-74.721613
72.967142,-73.545264
74.252591,-74.826363
73.106327,-73.684528
74.342725,-74.917061
73.204250,-73.782739
74.438985,-75.013935
73.335791,-73.914463
74.521881,-75.097498
73.427266,-74.006330
74.610964,-75.187302
73.551612,-74.130966
74.687450,-75.264565
73.637240,-74.217099
74.770185,-75.348138
73.754887,-74.335149
74.841095,-75.419944
73.835282,-74.416166
74.918301,-75.498109
73.946745,-74.528151
74.984429,-75.565259
74.022495,-74.604644
75.056863,-75.638780
74.128277,-74.711070
75.118921,-75.701991
74.199913,-74.783575
75.187243,-75.771534
74.300475,-74.884907
75.245827,-75.831405
74.368446,-74.953875
75.310570,-75.897505
74.464188,-75.050514
75.366133,-75.954490
74.528840,-75.116292
75.427681,-76.017530
74.620076,-75.208553
75.480517,-76.071923
74.681637,-75.271370
75.539090,-76.132120
74.768587,-75.359471
75.589328,-76.184047
74.827165,-75.419430
75.644980,-76.241452
74.909942,-75.503482
75.692584,-76.290869
74.965521,-75.560564
75.745210,-76.345371
75.044136,-75.640574
75.789991,-76.392083
75.096585,-75.694642
75.839340,-76.443421
75.170946,-75.770512
75.880974,-76.487095
75.220033,-75.821328
75.926672,-76.534886
75.289959,-75.892870
75.964726,-76.575079
75.335369,-75.940109
76.006303,-76.618841
75.400602,-76.007058
76.040266,-76.655029
75.441959,-76.050335
76.077188,-76.694217
75.502184,-76.112368
76.106501,-76.725830
75.539075,-76.151261
76.138202,-76.759866
75.593940,-76.208016
76.162298,-76.786325
75.625940,-76.242091
76.188218,-76.814636
75.675080,-76.293195
76.206552,-76.835384
75.701782,-76.322033
76.226168,-76.857436
75.744838,-76.367120
76.238248,-76.871971
75.765871,-76.390342
76.251102,-76.887297
75.802516,-76.429075
76.256521,-76.895201
75.817568,-76.446362
76.262251,-76.903429
75.847522,-76.478454
76.260704,-76.904390
75.856362,-76.489566
76.259057,-76.905260
75.879409,-76.514795
76.250360,-76.899087
75.881892,-76.519581
76.241211,-76.892468
75.897894,-76.537802
76.225311,-76.879102
75.893974,-76.536211
76.208665,-76.864994
75.902877,-76.547366
76.185640,-76.844509
75.892606,-76.539448
76.161632,-76.823047
75.894444,-76.543567
76.131687,-76.795647
75.877973,-76.529468
76.100578,-76.767087
75.872867,-76.526670
76.064034,-76.733092
75.850435,-76.506627
76.026192,-76.697805
75.838585,-76.497111
75.983470,-76.657637
75.810508,-76.471442
75.939356,-76.616082
75.792190,-76.455480
75.890955,-76.570241
75.758846,-76.424561
75.841097,-76.522950
75.734391,-76.402486
75.787572,-76.471993
75.696202,-76.366741
75.732543,-76.419538
75.665988,-76.338929
75.674476,-76.364049
75.623402,-76.298804
75.614865,-76.307024
75.587832,-76.265661
75.552841,-76.247589
75.541301,-76.221610
75.489229,-76.186577
75.500791,-76.183549
75.423810,-76.123760
75.450752,-76.136011
75.356748,-76.059310
75.405712,-76.093442
75.288451,-75.993629
75.352574,-76.042823
75.218432,-75.926237
75.303389,-75.996131
75.147709,-75.858144
75.247513,-75.942794
75.075158,-75.788232
75.194535,-75.892330
75.002383,-75.718099
75.136226,-75.836575
74.927639,-75.646006
75.079761,-75.782642
74.853094,-75.574113
75.019256,-75.724706
74.776405,-75.500083
74.959554,-75.667552
74.700279,-75.426616
74.897023,-75.607601
74.621799,-75.350799
74.834276,-75.547414
74.544187,-75.275847
74.769818,-75.485543
74.463979,-75.198300
74.704158,-75.422450
74.384888,-75.121866
74.637806,-75.358686
74.302928,-75.042560
74.569306,-75.292757
74.222288,-74.964565
74.501034,-75.227068
74.138483,-74.883399
74.429715,-75.158317
74.056158,-74.803700
74.359447,-75.090622
73.970356,-74.720515
74.285286,-75.019020
73.886162,-74.638922
74.212910,-74.949200
73.798173,-74.553519
74.135848,-74.874681
73.711898,-74.469811
74.061229,-74.802593
73.621510,-74.381970
73.981184,-74.725070
73.532932,-74.295917
73.904178,-74.650563
73.439932,-74.205418
73.821057,-74.569936
73.348839,-74.116799
73.741524,-74.492865
73.253030,-74.023438
73.655237,-74.409037
73.159237,-73.932061
73.573058,-74.329274
73.060458,-73.835670
73.483527,-74.242163
72.963821,-73.741385
73.398612,-74.159613
72.861960,-73.641845
73.305785,-74.069159
72.762390,-73.544559
73.218084,-73.983768
72.657393,-73.441811
73.121942,-73.889948
72.554869,-73.341496
73.031455,-73.801711
72.446750,-73.235550
72.932019,-73.704541
72.341319,-73.132250
72.838796,-73.613504
72.230163,-73.023188
72.736132,-73.513047
72.121943,-72.917020
72.640279,-73.419312
72.007906,-72.804996
72.534499,-73.315677
71.897085,-72.696144
72.436172,-73.219400
71.780391,-72.581380
72.327436,-73.112745
71.667220,-72.470097
72.226842,-73.014128
71.548151,-72.352875
72.115352,-72.904654
71.432935,-72.239464
72.012736,-72.803945
71.311823,-72.120117
71.898734,-72.691891
71.194910,-72.004927
71.794377,-72.589368
71.072124,-71.883825
71.678135,-72.475007
70.953890,-71.767234
71.572340,-72.370975
70.829821,-71.644770
71.454152,-72.254599
70.710659,-71.527170
71.347236,-72.149374
70.585707,-71.403745
71.227412,-72.031294
70.466007,-71.285530
71.119691,-71.925193
70.340567,-71.161539
70.998543,-71.805722
70.220705,-71.043087
70.890325,-71.699054
70.095150,-70.918906
70.768161,-71.578498
69.975478,-70.800567
70.659736,-71.471552
69.850150,-70.676538
70.536850,-71.350206
69.730978,-70.558627
70.428478,-71.243244
69.606177,-70.435050
70.305140,-71.121377
69.487771,-70.317831
70.197050,-71.014626
69.363747,-70.194957
70.073504,-70.892482
69.246320,-70.078643
69.965884,-70.786130
69.123269,-69.956667
69.842338,-70.663917
69.006979,-69.841414
69.735335,-70.558110
68.885041,-69.720477
69.611965,-70.436001
68.769989,-69.606386
69.505684,-70.330843
68.649251,-69.486572
69.382627,-70.208975
68.535486,-69.373690
69.277134,-70.104530
68.415984,-69.255032
69.154493,-69.983003
68.303508,-69.143360
69.049817,-69.879298
68.185233,-69.025848
68.927659,-69.758179
68.074010,-68.915345
68.823800,-69.655211
67.956918,-68.798931
68.702167,-69.534539
67.846879,-68.689527
68.599098,-69.432280
67.730899,-68.574139
68.478009,-69.312069
67.621956,-68.465743
68.375689,-69.210476
67.507003,-68.351293
68.255144,-69.090726
67.399059,-68.243805
68.153524,-68.989746
67.285042,-68.130198
68.033514,-68.870447
67.178001,-68.023521
67.932543,-68.770027
67.064836,-67.910671
67.813057,-68.651165
66.958614,-67.804718
67.712692,-68.551261
66.846230,-67.692554
67.593724,-68.432827
66.740764,-67.587258
67.493937,-68.333409
66.629116,-67.475733
67.375489,-68.215405
66.524369,-67.371059
67.276270,-68.116462
66.413442,-67.260155
67.158361,-67.998905
66.309410,-67.156099
67.059725,-67.900451
66.199222,-67.045836
66.942392,-67.783379
66.095940,-66.942431
66.844380,-67.685456
65.986547,-66.832866
66.727684,-67.568928
65.884084,-66.730183
66.630365,-67.471605
65.775580,-66.621409
66.514389,-67.355705
65.674044,-66.519558
66.417860,-67.259078
65.566556,-66.411706
66.302708,-67.143913
65.466088,-66.310827
66.207090,-67.048106
65.359775,-66.204058
66.092892,-66.933804
65.260544,-66.104325
65.998326,-66.838961
65.155591,-65.998827
65.885229,-66.725671
65.057787,-65.900433
65.791875,-66.631953
64.954398,-65.796412
65.680040,-66.519839
64.858227,-65.699566
65.588069,-66.427419
64.756617,-65.597241
65.477669,-66.316657
64.662291,-65.502159
65.387256,-66.225713
64.562678,-65.401751
65.278470,-66.116483
64.470408,-65.308648
65.189790,-66.027193
64.373004,-65.210372
65.082797,-65.919676
64.282992,-65.119453
64.996017,-65.832211
64.187997,-65.023515
64.890990,-65.726583
64.100427,-64.934967
64.806268,-65.641103
64.008022,-64.841550
64.703370,-65.537530
63.903020,-64.735311
64.600197,-65.433001
63.848648,-64.678927
64.579729,-65.411221
63.932995,-64.761266
64.645926,-65.475859
64.043819,-64.870094
64.666980,-65.495547
64.143580,-64.967857
64.714964,-65.541933
64.218844,-65.041116
64.724873,-65.550410
64.295725,-65.115976
64.769621,-65.593500
64.373683,-65.191889
64.792470,-65.614835
64.464087,-65.280223
64.851920,-65.672557
64.559328,-65.373365
64.890715,-65.709755
64.664510,-65.476421
64.962672,-65.779909
64.773046,-65.582801
65.015141,-65.830700
64.889752,-65.697323
65.098039,-65.911724
65.010307,-65.815666
65.163826,-65.975754
65.138298,-65.941419
65.257680,-66.067665
65.270950,-66.071806
65.336746,-66.144899
65.410191,-66.208756
65.441422,-66.247567
65.554705,-66.350955
65.533527,-66.337770
65.704864,-66.498777
65.648730,-66.450905
65.860855,-66.652406
65.753573,-66.553781
66.021541,-66.810711
65.878980,-66.677064
66.188594,-66.975360
65.996231,-66.792285
66.359378,-67.143723
66.131482,-66.925359
66.537027,-67.318929
66.260766,-67.052556
66.717429,-67.496873
66.405458,-67.195021
66.905160,-67.682125
66.546361,-67.333782
67.097597,-67.872089
66.727145,-67.512629
67.303380,-68.076161
66.823730,-67.607552
67.362429,-68.133537
66.847246,-67.629381
67.372790,-68.142170
66.889726,-67.670139
67.395445,-68.163059
66.931869,-67.710529
67.448814,-68.214621
67.000058,-67.776951
67.509604,-68.273582
67.059752,-67.834851
67.575842,-68.337970
67.129099,-67.902403
67.634846,-68.395113
67.184054,-67.955540
67.693772,-68.452165
67.248896,-68.018570
67.746406,-68.502921
67.299936,-68.067777
67.801070,-68.555700
67.362242,-68.128258
67.850523,-68.603264
67.410917,-68.175091
67.902193,-68.653042
67.470819,-68.233159
67.948501,-68.697457
67.516818,-68.277309
67.996698,-68.743759
67.573948,-68.332598
68.039467,-68.784636
67.617030,-68.373829
68.083999,-68.827274
67.671238,-68.426193
68.123187,-68.864574
67.711373,-68.464476
68.164082,-68.903581
67.762603,-68.513863
68.199764,-68.937383
67.799825,-68.549238
68.237121,-68.972864
67.848076,-68.595649
68.269446,-69.003323
67.882483,-68.628219
68.303452,-69.035469
67.927821,-68.671724
68.332659,-69.062831
67.959583,-68.701665
68.363590,-69.091927
68.002139,-68.742402
68.389998,-69.116516
68.031487,-68.769949
68.418198,-69.142912
68.071446,-68.808109
68.442179,-69.165110
68.098653,-68.833542
68.468034,-69.189201
68.136241,-68.869357
68.489991,-69.209417
68.161601,-68.892978
68.513906,-69.231615
68.197068,-68.926703
68.534244,-69.250263
68.220883,-68.948820
68.556617,-69.270974
68.254485,-68.980719
68.575720,-69.288445
68.277043,-69.001625
68.596920,-69.308044
68.309030,-69.031953
68.615132,-69.324689
68.330588,-69.051912
68.635476,-69.343500
68.361188,-69.080902
68.653081,-69.359609
68.381963,-69.100136
68.672822,-69.377889
68.411370,-69.127987
68.690034,-69.393679
68.431524,-69.146663
68.709350,-69.411612
68.459891,-69.173532
68.726301,-69.427220
68.479530,-69.191759
68.745289,-69.444904
68.506960,-69.217752
68.762030,-69.460381
68.526127,-69.235575
68.780704,-69.477833
68.552670,-69.260744
68.797203,-69.493150
68.571349,-69.278150
68.815498,-69.510304
68.597001,-69.302495
68.831649,-69.525354
68.615118,-69.319408
68.849428,-69.542073
68.639829,-69.342877
68.865058,-69.556682
68.657259,-69.359174
68.882124,-69.572766
68.680931,-69.381670
68.897006,-69.586705
68.697508,-69.397184
68.913113,-69.601907
68.720005,-69.418571
68.926982,-69.614909
68.735535,-69.433106
68.941855,-69.628950
68.756693,-69.453218
68.954423,-69.640724
68.770962,-69.466558
68.967771,-69.653310
68.790599,-69.485213
68.978747,-69.663559
68.803388,-69.497137
68.990280,-69.674399
68.821313,-69.514142
68.999381,-69.682839
68.832410,-69.524436
69.008829,-69.691657
68.848439,-69.539605
69.015802,-69.698031
68.857651,-69.548074
69.022927,-69.704587
68.871610,-69.561232
69.027556,-69.708677
68.878773,-69.567711
69.032165,-69.712775
68.890513,-69.578708
69.034288,-69.714416
68.895501,-69.583067
69.036243,-69.715917
68.904905,-69.591784
69.035754,-69.715002
68.907634,-69.593940
69.034978,-69.713826
68.914620,-69.600295
69.031837,-69.710313
68.915055,-69.600212
69.028316,-69.706447
68.919584,-69.604165
69.022544,-69.700358
68.917736,-69.601854
69.016328,-69.693852
68.919809,-69.603407
69.008009,-69.685270
68.915738,-69.598928
68.999209,-69.676234
68.915400,-69.598125
68.988483,-69.665301
68.909208,-69.591580
68.977260,-69.653899
68.906540,-69.588504
68.964316,-69.640803
68.898366,-69.580034
68.950876,-69.627242
68.893486,-69.574804
68.935938,-69.612212
68.883497,-69.564578
68.920521,-69.596733
68.876551,-69.557340
68.903841,-69.580021
68.864938,-69.545549
68.886704,-69.562884
68.856089,-69.536469
68.868547,-69.544757
68.843052,-69.523316
68.849958,-69.526231
68.832481,-69.512574
68.830588,-69.506955
68.818222,-69.498261
68.810809,-69.487304
68.806110,-69.486042
68.790478,-69.467134
68.790825,-69.470766
68.769754,-69.446604
68.777351,-69.457249
68.748692,-69.425769
68.761218,-69.441191
68.727241,-69.404580
68.746550,-69.426543
68.705646,-69.383280
68.729726,-69.409859
68.683651,-69.361613
68.714013,-69.394231
68.661681,-69.340005
68.696625,-69.377048
68.639282,-69.318002
68.679993,-69.360565
68.617052,-69.296200
68.662136,-69.342978
68.594345,-69.273954
68.644684,-69.325739
68.571922,-69.252025
68.626418,-69.307807
68.548955,-69.229584
68.608216,-69.289881
68.526361,-69.207546
68.589568,-69.271629
68.503140,-69.184912
68.570655,-69.253053
68.480352,-69.162741
68.551618,-69.234472
68.456839,-69.139874
68.532005,-69.215255
68.433798,-69.117507
68.512545,-69.196308
68.409921,-69.094331
68.492218,-69.176433
68.386536,-69.071671
68.472274,-69.157056
68.362195,-69.048082
68.451195,-69.136484
68.338350,-69.025012
68.430691,-69.116597
68.313425,-69.000885
68.408805,-69.095269
68.288993,-68.977271
68.387652,-69.074779
68.263354,-68.952472
68.364895,-69.052627
68.238201,-68.928177
68.342998,-69.031438
68.211718,-68.902572
68.319299,-69.008387
68.185715,-68.877462
68.296569,-68.986404
68.158268,-68.850924
68.271857,-68.962381
68.131300,-68.824880
68.248214,-68.939518
68.102784,-68.797300
68.222425,-68.914457
68.074758,-68.770223
68.197802,-68.890645
68.045091,-68.741518
68.170886,-68.864490
68.015940,-68.713337
68.145236,-68.839680
67.985072,-68.683451
68.117158,-68.812392
67.954760,-68.654128
68.090459,-68.786559
67.922674,-68.623040
68.061203,-68.758120
67.891202,-68.592572
68.033459,-68.731263
67.857913,-68.560294
68.003032,-68.701677
67.825315,-68.528713
67.974272,-68.673824
67.790877,-68.495296
67.942703,-68.643119
67.757222,-68.462668
67.912983,-68.614321
67.721718,-68.428194
67.880325,-68.582546
67.687106,-68.394617
67.849724,-68.552882
67.650651,-68.359199
67.816051,-68.520110
67.615209,-68.324797
67.784667,-68.489676
67.577940,-68.288572
67.750071,-68.455997
67.541815,-68.253491
67.718021,-68.424907
67.503890,-68.216614
67.682611,-68.390428
67.467243,-68.181016
67.650021,-68.358809
67.428829,-68.143652
67.613915,-68.323646
67.391830,-68.107704
67.580919,-68.291630
67.353098,-68.070026
67.544244,-68.255909
67.315916,-68.033896
67.510976,-68.223627
67.277036,-67.996071
67.473859,-68.187474
67.239833,-67.959921
67.440450,-68.155057
67.200964,-67.922107
67.403017,-68.118596
67.163889,-67.886085
67.369586,-68.086162
67.125176,-67.848425
67.331955,-68.049510
67.088360,-67.812659
67.298610,-68.017165
67.049925,-67.775275
67.260891,-67.980429
67.013476,-67.739874
67.227722,-67.948262
66.975420,-67.702864
67.190008,-67.911534
66.939421,-67.667907
67.157088,-67.879615
66.901816,-67.631343
67.119458,-67.842972
66.866323,-67.596885
67.086839,-67.811352
66.829218,-67.560810
67.049353,-67.774853
66.794260,-67.526877
67.017067,-67.743559
66.757672,-67.491310
66.979770,-67.707245
66.723254,-67.457904
66.947830,-67.676290
66.687181,-67.422837
66.910748,-67.640185
66.653283,-67.389936
66.879148,-67.609561
66.617700,-67.355342
66.842292,-67.573673
66.584284,-67.322904
66.811014,-67.543357
66.549148,-67.288737
66.774382,-67.507681
66.516162,-67.256708
66.743395,-67.477640
66.481420,-67.222910
66.706972,-67.442160
66.448803,-67.191225
66.676238,-67.412352
66.414392,-67.157732
66.640004,-67.377043
66.382079,-67.126321
66.609481,-67.347424
66.347936,-67.093066
66.573410,-67.312258
66.315861,-67.061863
66.543056,-67.282783
66.281926,-67.028783
66.507123,-67.247731
66.250033,-66.997727
66.476901,-67.218361
66.216254,-66.964767
66.441080,-67.183396
66.184494,-66.933806
66.410960,-67.154096
66.150832,-66.900924
66.375234,-67.119197
66.119171,-66.870024
66.345196,-67.089947
66.085601,-66.837193
66.309553,-67.055102
66.054024,-66.806333
66.279590,-67.025890
66.020539,-66.773545
66.244031,-66.991095
65.989047,-66.742726
66.214147,-66.961927
65.955659,-66.709990
66.178682,-66.927192
65.924271,-66.679231
66.148898,-66.898084
65.891011,-66.646576
66.113551,-66.863430
65.859767,-66.615915
66.083900,-66.834414
65.826682,-66.583389
66.048705,-66.799875
65.795639,-66.552880
66.019232,-66.770997
65.762793,-66.520546
65.984235,-66.736617
65.732019,-66.490260
65.954999,-66.707933
65.699490,-66.458194
65.920255,-66.673766
65.669067,-66.428212
65.891320,-66.645341
65.636941,-66.396502
65.856894,-66.611451
65.606959,-66.366912
65.828332,-66.583357
65.575328,-66.335650
65.794292,-66.549812
65.545879,-66.306546
65.766178,-66.522123
65.514839,-66.275827
65.732597,-66.488996
65.486016,-66.247302
65.705006,-66.461786
65.455659,-66.217220
65.671957,-66.429150
65.407484,-66.169137
65.624199,-66.381285
65.412923,-66.174006
65.671707,-66.428670
65.551855,-66.312349
65.791549,-66.548212
65.720467,-66.480368
65.878901,-66.635391
65.873004,-66.632302
65.978990,-66.735143
66.004216,-66.762903
66.053523,-66.809451
66.161109,-66.919436
66.162692,-66.918757
66.232179,-66.990661
66.159109,-66.915386
66.196584,-66.955190
66.120456,-66.876890
66.148845,-66.907532
66.103095,-66.859684
66.126063,-66.884794
66.098627,-66.855309
66.127680,-66.886418
66.105024,-66.861812
66.136810,-66.895530
66.113127,-66.869961
66.146276,-66.904954
66.119797,-66.876699
66.153250,-66.911867
66.124818,-66.881730
66.158678,-66.917216
66.129785,-66.886733
66.163460,-66.921901
66.134160,-66.891085
66.168712,-66.927040
66.139398,-66.896328
66.174009,-66.932210
66.144240,-66.901116
66.179796,-66.937853
66.149767,-66.906618
66.185381,-66.943280
66.154733,-66.911500
66.191211,-66.948936
66.160288,-66.917000
66.196696,-66.954232
66.165158,-66.921757
66.202327,-66.959658
66.170614,-66.927126
66.207527,-66.964636
66.175254,-66.931621
66.212779,-66.969650
66.180481,-66.936730
66.217501,-66.974117
66.184738,-66.940809
66.222175,-66.978519
66.189595,-66.945514
66.226230,-66.982283
66.193326,-66.949033
66.230153,-66.985898
66.197687,-66.953209
66.233391,-66.988810
66.200779,-66.956055
66.236437,-66.991511
66.204546,-66.959601
66.238760,-66.993472
66.206924,-66.961698
66.240852,-66.995183
66.210025,-66.964545
66.242212,-66.996145
66.211651,-66.965855
66.243328,-66.996844
66.214049,-66.967965
66.243729,-66.996812
66.214923,-66.968489
66.243892,-66.996524
66.216609,-66.969855
66.243384,-66.995549
66.216765,-66.969628
66.242662,-66.994345
66.217764,-66.970274
66.241335,-66.992520
66.217265,-66.969362
66.239833,-66.990506
66.217625,-66.969340
66.237807,-66.987956
66.216560,-66.967834
66.235658,-66.985267
66.216353,-66.967216
66.233080,-66.982140
66.214827,-66.965223
66.230435,-66.978933
66.214141,-66.964101
66.227464,-66.975390
66.212273,-66.961744
66.224486,-66.971831
66.211209,-66.960220
66.221287,-66.968042
66.209123,-66.957624
66.218140,-66.964299
66.207786,-66.955807
66.214874,-66.960429
66.205603,-66.953097
66.211717,-66.956662
66.204102,-66.951098
66.208535,-66.952866
66.201935,-66.948390
66.205510,-66.949222
66.200372,-66.946314
66.202544,-66.945635
66.198324,-66.943713
66.199772,-66.942239
66.196790,-66.941653
66.197130,-66.938971
66.194943,-66.939245
66.194708,-66.935922
66.193517,-66.937283
66.192468,-66.933053
66.191934,-66.935132
66.190461,-66.930419
66.190676,-66.933330
66.188670,-66.928000
66.189396,-66.931478
66.187111,-66.925816
66.188347,-66.929878
66.185783,-66.923863
66.187384,-66.928340
66.184674,-66.922130
66.186563,-66.926964
66.183792,-66.920628
66.185908,-66.925733
66.183101,-66.919317
66.185313,-66.924580
66.182619,-66.918219
66.184935,-66.923625
66.182288,-66.917274
66.184545,-66.922674
66.182132,-66.916508
66.184391,-66.921945
66.182080,-66.915847
66.184167,-66.921159
66.182158,-66.915319
66.184170,-66.920588
66.182284,-66.914842
66.184057,-66.919912
66.182487,-66.914446
66.184138,-66.919421
66.182679,-66.914041
66.184071,-66.918792
66.182892,-66.913660
66.184145,-66.918295
66.183034,-66.913210
66.184051,-66.917639
66.183138,-66.912726
66.184029,-66.917048
66.183114,-66.912115
66.183833,-66.916291
66.182997,-66.911415
66.183631,-66.915523
66.182698,-66.910534
66.183259,-66.914590
66.182258,-66.909516
66.182800,-66.913567
66.181589,-66.908271
66.182184,-66.912392
66.180741,-66.906849
66.181402,-66.911049
66.179624,-66.905162
66.180482,-66.909571
66.178301,-66.903270
66.179327,-66.907858
66.176681,-66.901085
66.178055,-66.906031
66.174839,-66.898681
66.176492,-66.903914
66.172684,-66.895966
66.174836,-66.901706
66.170305,-66.893032
66.172849,-66.899169
66.167606,-66.889781
66.170791,-66.896564
66.164696,-66.886323
66.168382,-66.893611
66.161469,-66.882553
66.165921,-66.890607
66.158058,-66.878602
66.163110,-66.887260
66.154342,-66.874353
66.160260,-66.883873
66.150479,-66.869961
66.157084,-66.880168
66.146333,-66.865293
66.153873,-66.876428
66.142087,-66.860530
66.150381,-66.872418
66.137585,-66.855519
66.146850,-66.868368
66.133037,-66.850469
66.143103,-66.864114
66.128265,-66.845204
66.139304,-66.859806
66.123506,-66.839958
66.135370,-66.855378
66.118558,-66.834534
66.131361,-66.850873
66.113681,-66.829190
66.127310,-66.846344
66.108652,-66.823702
66.123153,-66.841706
66.103752,-66.818356
66.119057,-66.837148
66.098733,-66.812900
66.114816,-66.832442
66.093898,-66.807640
66.110742,-66.827925
66.088973,-66.802302
66.106478,-66.823213
66.084281,-66.797209
66.102486,-66.818798
66.079524,-66.792063
66.098254,-66.814137
66.075040,-66.787203
66.094394,-66.809877
66.070508,-66.782308
66.090243,-66.805316
66.066281,-66.777732
66.086555,-66.801251
66.062016,-66.773132
66.082522,-66.796830
66.058078,-66.768871
66.079031,-66.792986
66.054103,-66.764589
66.075143,-66.788733
66.050465,-66.760657
66.071862,-66.785123
66.046787,-66.756699
66.068135,-66.781053
66.043444,-66.753091
66.065062,-66.777677
66.040049,-66.749445
66.061498,-66.773795
66.036979,-66.746139
66.058619,-66.770637
66.033839,-66.742776
66.055211,-66.766935
66.031006,-66.739734
66.052501,-66.763971
66.028078,-66.736611
66.049230,-66.760430
66.025432,-66.733784
66.046653,-66.757625
66.022664,-66.730849
66.043493,-66.754219
66.020147,-66.728179
66.041008,-66.751531
66.017479,-66.725370
66.037924,-66.748225
66.015030,-66.722793
66.035486,-66.745608
66.012399,-66.720047
66.032441,-66.742364
66.009952,-66.717498
66.030002,-66.739770
66.007295,-66.714750
